n,sample_index,max_fidelity,ttime,cpu_time,generations,trial_index,max_fitness,dt,b
16,0,0.996545790639084,11.71877437,85.98819709,80,72.0,26.93178558,0.15625032498617247,53.42461780714736
