value,trial_index,dt,b
0.9979098092256404,64,0.11681242171560388,29.584383390524977
