n,sample_index,max_fidelity,ttime,cpu_time,generations,trial_index,max_fitness,dt,b
32,0,0.9952325163058979,22.52321335,100.93243051,97,97.0,12.02706432,0.22750720553283105,17.802480552578587
