,max_fidelity,ttime,cpu_time,generations,max_fitness,b,dt
mean,0.9634854745800834,10.523872734,25.088543558,32.8,79.303057862,23.06225059112615,0.5369322822526518
std,0.001815595762788296,0.8142981255011669,9.669503349631942,11.256109452204168,0.8954851617906568,0.0,0.0
max,0.9654626027203324,11.27557793,34.6602602,43.0,80.31024933,23.06225059112615,0.5369322822526518
