n,sample_index,max_fidelity,ttime,cpu_time,generations,trial_index,max_fitness,dt,b
16,0,0.9625931132528209,9.66478108,9.67647743,14,83.0,78.74349213,0.5369322822526518,23.06225059112615
16,1,0.9653998953947113,11.27557793,30.64360046,39,83.0,80.25175476,0.5369322822526518,23.06225059112615
16,2,0.9654626027203324,10.73864565,34.66026020,43,83.0,80.31024933,0.5369322822526518,23.06225059112615
16,3,0.9615873602487602,9.66478108,22.59032965,32,83.0,78.65560150,0.5369322822526518,23.06225059112615
16,4,0.9623844012837918,11.27557793,27.87205005,36,83.0,78.55419159,0.5369322822526518,23.06225059112615
