n,sample_index,max_fidelity,ttime,cpu_time,generations,trial_index,max_fitness,dt,b
24,0,0.9972269125547777,16.85695826,161.22267389,127,98.0,2.14088964,0.11706221014203413,17.718439997658614
