n,sample_index,max_fidelity,ttime,cpu_time,generations,trial_index,max_fitness,dt,b
16,0,0.9946198713546728,9.47675917,57.40628362,55,31.0,73.72474670,0.30570190877166775,51.36817437351999
