n,sample_index,max_fidelity,ttime,cpu_time,generations,trial_index,max_fitness,dt,b
16,0,0.9965645587682523,11.80793223,101.01508379,96,93.0,23.73931885,0.14759915285190964,71.98587504259612
