,max_fidelity,ttime,cpu_time,generations,max_fitness
mean,0.9575060440704452,16.703834903999997,49.75842132500001,70.6,252.08229522700003
std,0.003387744918694822,3.5363381647346412,13.039867193359346,11.286176402031726,15.73972973258208
max,0.9632675261252727,21.64059583,61.66730785,81.0,273.21450806
