,max_fidelity,ttime,cpu_time,generations,max_fitness,b,dt
mean,0.9335781627609503,11.394346052,30.533302166,37.4,66.734873962,33.085811303954465,0.42835887407479223
std,0.00122397906963874,0.2346218158064231,7.573282449626573,7.956129712366435,0.32526443399397337,0.0,0.0
max,0.9356027604276356,11.5656896,36.87431169,45.0,67.00907135,33.085811303954465,0.42835887407479223
