n,sample_index,max_fidelity,ttime,cpu_time,generations,trial_index,max_fitness,dt,b
16,0,0.9356027604276356,11.56568960,35.35982776,41,72.0,66.95269012,0.42835887407479223,33.085811303954465
16,1,0.9323355020491758,11.56568960,36.87431169,45,72.0,67.00907135,0.42835887407479223,33.085811303954465
16,2,0.9334498397421137,11.13733073,17.94185591,24,72.0,66.36761475,0.42835887407479223,33.085811303954465
16,3,0.9334955128215249,11.13733073,33.02800798,39,72.0,66.39151764,0.42835887407479223,33.085811303954465
16,4,0.9330071987643015,11.56568960,29.46250749,38,72.0,66.95347595,0.42835887407479223,33.085811303954465
