,max_fidelity,ttime,cpu_time,generations,max_fitness,b,dt
mean,0.9018444461626942,22.739021963999996,15.363975285999999,44.8,50.572046662000005,58.34350533078155,0.743105293053039
std,0.020610111726982624,0.664653577151877,3.3999777810556324,7.463243262818115,3.9439607772520717,0.0,0.0
max,0.926607853936479,23.03626408,18.4095118,51.0,55.75118256,58.34350533078155,0.743105293053039
