n,sample_index,max_fidelity,ttime,cpu_time,generations,trial_index,max_fitness,dt,b
32,0,0.883857183668227,21.55005350,9.59395218,32,5.0,47.50938416,0.743105293053039,58.34350533078155
32,1,0.926607853936479,23.03626408,15.38498735,48,5.0,55.75118256,0.743105293053039,58.34350533078155
32,2,0.8882202559539306,23.03626408,16.62596965,45,5.0,48.16839981,0.743105293053039,58.34350533078155
32,3,0.9219008530995361,23.03626408,18.40951180,51,5.0,53.89346313,0.743105293053039,58.34350533078155
32,4,0.8886360841552974,23.03626408,16.80545545,48,5.0,47.53780365,0.743105293053039,58.34350533078155
