n,sample_index,max_fidelity,ttime,cpu_time,generations,trial_index,max_fitness,dt,b
32,0,0.9919371068181921,23.74598485,272.90929985,184,20.0,0.12832499,0.10324341240590251,42.99868975966763
