,max_fidelity,ttime,cpu_time,generations,max_fitness
mean,0.9486754946799465,32.24381548800001,49.967550873,75.8,221.15656433200002
std,0.018211526371775172,9.559591829435414,12.022173958817854,5.692099788303083,22.30118335718169
max,0.9821374818593184,46.59510909,70.19439435,84.0,277.21157837
