,max_fidelity,ttime,cpu_time,generations,max_fitness
mean,0.9734790463740204,9.682432442000001,21.908145761,59.1,5.839674281999999
std,0.003999400817157293,0.15621703924222416,2.1019857155461303,4.254409477236529,0.012621464928441607
max,0.9795344999569211,9.75653269,25.65827727,66.0,5.85813665
