,max_fidelity,ttime,cpu_time,generations,max_fitness,b,dt
mean,0.9134519499215816,21.889096684000002,11.408328202,33.4,63.50955963,80.11839824513437,0.8970941264088603
std,0.00530033663779344,0.8023853788452935,1.4644451514484786,2.302172886644268,1.6949938821187562,0.0,0.0
max,0.9207646541014142,22.42735316,12.72321701,35.0,65.98532867,80.11839824513437,0.8970941264088603
