n,sample_index,max_fidelity,ttime,cpu_time,generations,trial_index,max_fitness,dt,b
32,0,0.9154866857268633,22.42735316,12.63872457,35,9.0,64.07067108,0.8970941264088603,80.11839824513437
32,1,0.9104319485196296,22.42735316,10.23186994,30,9.0,62.25767517,0.8970941264088603,80.11839824513437
32,2,0.913867325047383,21.53025903,9.49617434,32,9.0,63.58850861,0.8970941264088603,80.11839824513437
32,3,0.9207646541014142,22.42735316,11.95165515,35,9.0,65.98532867,0.8970941264088603,80.11839824513437
32,4,0.9067091362126186,20.63316491,12.72321701,35,9.0,61.64561462,0.8970941264088603,80.11839824513437
