n,sample_index,max_fidelity,ttime,cpu_time,generations,trial_index,max_fitness,dt,b
24,0,0.9972855864691151,15.32892947,164.04220462,131,66.0,2.94517994,0.12462544280733028,13.454458006972029
