,max_fidelity,ttime,cpu_time,generations,max_fitness,b,dt
mean,0.9805767103602827,22.67953344,31.99838338,69.0,8.17461052,44.34610054690213,0.2164077618146612
std,0.008791884709513578,0.5601576020064546,14.537955483268451,29.04307146291521,0.9036749293066925,0.0,3.1031676915590914e-17
max,0.9889719234285893,23.58844604,44.93253493,95.0,9.04960442,44.34610054690213,0.21640776181466118
