n,sample_index,max_fidelity,ttime,cpu_time,generations,trial_index,max_fitness,dt,b
32,0,0.9873295834456889,23.58844604,44.93253493,95,1.0,9.04960442,0.21640776181466118,44.34610054690213
32,1,0.9801401263616291,22.07359171,35.71000171,77,1.0,8.21389580,0.21640776181466118,44.34610054690213
32,2,0.9667131448956255,22.50640723,10.82580328,25,1.0,7.59033489,0.21640776181466118,44.34610054690213
32,3,0.9889719234285893,22.72281499,44.40614796,92,1.0,6.98405361,0.21640776181466118,44.34610054690213
32,4,0.9797287736698804,22.50640723,24.11742902,56,1.0,9.03516388,0.21640776181466118,44.34610054690213
