,max_fidelity,ttime,cpu_time,generations,max_fitness,b,dt
mean,0.9400382449024998,11.35442613,25.089427662000002,30.8,74.08251342800001,62.41527120269361,0.5976013753680386
std,0.00013581955599205824,0.0,8.153519859725327,8.67179335547152,0.06445357448087052,0.0,0.0
max,0.9401670252515859,11.35442613,31.34784031,37.0,74.13669586,62.41527120269361,0.5976013753680386
