n,sample_index,max_fidelity,ttime,cpu_time,generations,trial_index,max_fitness,dt,b
16,0,0.9400260242101245,11.35442613,11.06045699,16,16.0,74.09496307,0.5976013753680386,62.41527120269361
16,1,0.940089709456867,11.35442613,26.77074695,33,16.0,74.10484314,0.5976013753680386,62.41527120269361
16,2,0.9398123007438222,11.35442613,31.34784031,37,16.0,73.97068787,0.5976013753680386,62.41527120269361
16,3,0.9401670252515859,11.35442613,30.20449972,37,16.0,74.13669586,0.5976013753680386,62.41527120269361
16,4,0.940096164850099,11.35442613,26.06359434,31,16.0,74.10537720,0.5976013753680386,62.41527120269361
