,max_fidelity,ttime,cpu_time,generations,max_fitness,b,dt
mean,0.8890472960779533,10.58024912,16.154132557999997,20.2,40.823686982000005,15.012153184428154,0.9618408293164571
std,1.6185282263153265e-07,0.0,1.3555835998837544,1.30384048104053,3.318672079647577,0.0,0.0
max,0.8890474731128943,10.58024912,17.56678391,21.0,42.30786133,15.012153184428154,0.9618408293164571
