n,sample_index,max_fidelity,ttime,cpu_time,generations,trial_index,max_fitness,dt,b
16,0,0.8890474660574577,10.58024912,17.56678391,21,4.0,34.88706589,0.9618408293164571,15.012153184428154
16,1,0.8890474731128943,10.58024912,14.02875996,18,4.0,42.30786133,0.9618408293164571,15.012153184428154
16,2,0.8890472327560686,10.58024912,17.00756788,21,4.0,42.30782318,0.9618408293164571,15.012153184428154
16,3,0.889047166490279,10.58024912,16.30669141,20,4.0,42.30782318,0.9618408293164571,15.012153184428154
16,4,0.8890471419730666,10.58024912,15.86085963,21,4.0,42.30786133,0.9618408293164571,15.012153184428154
