,max_fidelity,ttime,cpu_time,generations,max_fitness,b,dt
mean,0.9696027648314217,10.867612136000002,30.339106990000005,33.4,70.5921875,67.91113531165733,0.5544700069388923
std,0.0006196359409529548,0.49593305353799544,9.461537141352755,7.092249290598858,0.34719253045419035,0.0,0.0
max,0.9698911499658344,11.08940014,40.64642215,39.0,70.75017548,67.91113531165733,0.5544700069388923
