n,sample_index,max_fidelity,ttime,cpu_time,generations,trial_index,max_fitness,dt,b
16,0,0.9698911499658344,11.08940014,40.64642215,39,53.0,70.75017548,0.5544700069388923,67.91113531165733
16,1,0.9698908881849013,11.08940014,35.20729351,36,53.0,70.75010681,0.5544700069388923,67.91113531165733
16,2,0.9684945962456092,9.98046012,15.39802241,21,53.0,69.97113800,0.5544700069388923,67.91113531165733
16,3,0.9698575291614694,11.08940014,28.65996528,35,53.0,70.74736023,0.5544700069388923,67.91113531165733
16,4,0.9698796605992942,11.08940014,31.78383160,36,53.0,70.74215698,0.5544700069388923,67.91113531165733
