,max_fidelity,ttime,cpu_time,generations,max_fitness,b,dt
mean,0.9853942173883425,21.779139962,49.853165772,94.2,2.260596658,88.14371942670824,0.1592042395011402
std,0.015232689317679578,0.630818550403718,12.452807821002946,21.66102490649969,0.18510117129158962,0.0,0.0
max,0.9942928002768193,22.60700201,61.30452681,111.0,2.43733621,88.14371942670824,0.1592042395011402
