n,sample_index,max_fidelity,ttime,cpu_time,generations,trial_index,max_fitness,dt,b
32,0,0.9582344057079077,21.33336809,29.00738192,57,2.0,2.01915002,0.1592042395011402,88.14371942670824
32,1,0.9912466813624654,21.81098081,49.44637251,95,2.0,2.12326670,0.1592042395011402,88.14371942670824
32,2,0.9917704874574388,21.01495961,52.96325469,101,2.0,2.43733621,0.1592042395011402,88.14371942670824
32,3,0.9942928002768193,22.60700201,61.30452681,111,2.0,2.29739904,0.1592042395011402,88.14371942670824
32,4,0.9914267121370817,22.12938929,56.54429293,107,2.0,2.42583132,0.1592042395011402,88.14371942670824
