,max_fidelity,ttime,cpu_time,generations,max_fitness,b,dt
mean,0.9252623590480422,23.107061382,18.801077318,48.0,46.474474334,70.15456811320365,0.5691394428509882
std,0.0363297445675618,0.5090537950786005,4.9209871816488935,4.415880433163924,6.5931219013605356,0.0,0.0
max,0.9619100383230401,23.33471716,26.22000217,54.0,56.08488464,70.15456811320365,0.5691394428509882
