n,sample_index,max_fidelity,ttime,cpu_time,generations,trial_index,max_fitness,dt,b
32,0,0.9497944637688123,23.33471716,15.84472942,47,6.0,43.89182663,0.5691394428509882,70.15456811320365
32,1,0.905153125102611,23.33471716,13.74612737,42,6.0,47.95549774,0.5691394428509882,70.15456811320365
32,2,0.8724257800823784,23.33471716,17.17944622,47,6.0,37.95078278,0.5691394428509882,70.15456811320365
32,3,0.9619100383230401,23.33471716,26.22000217,54,6.0,46.48937988,0.5691394428509882,70.15456811320365
32,4,0.9370283879633684,22.19643827,21.01508141,50,6.0,56.08488464,0.5691394428509882,70.15456811320365
