n,sample_index,max_fidelity,ttime,cpu_time,generations,trial_index,max_fitness,dt,b
24,0,0.9969359240231299,17.59915180,116.30631661,105,82.0,7.44933367,0.15171682586798407,59.01849838649318
