n,sample_index,max_fidelity,ttime,cpu_time,generations,trial_index,max_fitness,dt,b
36,0,0.9872233033770796,26.55213457,129.63105345,109,17.0,5.77136993,0.21587101277824527,88.53900326731701
