,max_fidelity,ttime,cpu_time,generations,max_fitness
mean,0.9276833140875645,19.340588574,47.258423758000006,70.1,233.631155395
std,0.011911732391431222,7.274574456242047,20.329600125679487,21.392885629469333,27.465208627155683
max,0.9556572220331027,33.22832398,67.04261923,89.0,285.48269653
