n,sample_index,max_fidelity,ttime,cpu_time,generations,trial_index,max_fitness,dt,b
32,0,0.9897772676529514,19.34545201,237.58874822,161,12.0,0.13269930,0.1062936923418851,12.980988038403396
