,max_fidelity,ttime,cpu_time,generations,max_fitness,b,dt
mean,0.9686365150367063,22.677909866,23.107178974,53.8,50.628554534,36.25500495597042,0.49951343312056806
std,0.005711525781412443,0.7575496297392373,7.402482742798033,8.438009243891594,5.809169747166668,0.0,0.0
max,0.9750229977660176,23.47713136,36.25128174,67.0,56.97170258,36.25500495597042,0.49951343312056806
