n,sample_index,max_fidelity,ttime,cpu_time,generations,trial_index,max_fitness,dt,b
32,0,0.9728761112822084,21.97859106,36.25128174,67,0.0,56.51266479,0.49951343312056806,36.25500495597042
32,1,0.968641236766702,22.47810449,18.69217062,51,0.0,46.39787292,0.49951343312056806,36.25500495597042
32,2,0.9750229977660176,23.47713136,19.68219137,47,0.0,56.97170258,0.49951343312056806,36.25500495597042
32,3,0.9605626925879874,23.47713136,19.70347667,47,0.0,44.36573029,0.49951343312056806,36.25500495597042
32,4,0.9660795367806162,21.97859106,21.20677447,57,0.0,48.89480209,0.49951343312056806,36.25500495597042
