,max_fidelity,ttime,cpu_time,generations,max_fitness,b,dt
mean,0.9865381668160971,11.064034588000002,20.134776498,26.8,78.85966186399999,31.662421939217943,0.3979868556503501
std,0.004135779820302572,0.43597275477876873,14.98685022529997,18.912958520548816,0.9933542538075324,0.0,0.0
max,0.9914827930463253,11.54161881,43.46429896,56.0,80.06084442,31.662421939217943,0.3979868556503501
