n,sample_index,max_fidelity,ttime,cpu_time,generations,trial_index,max_fitness,dt,b
16,0,0.9897130961655971,11.14363196,27.05894995,36,73.0,79.41749573,0.3979868556503501,31.662421939217943
16,1,0.9852964224784833,11.54161881,10.80020714,15,73.0,79.15332794,0.3979868556503501,31.662421939217943
16,2,0.9914827930463253,11.14363196,43.46429896,56,73.0,80.06084442,0.3979868556503501,31.662421939217943
16,3,0.9851843416750264,11.14363196,10.04454327,14,73.0,77.83348846,0.3979868556503501,31.662421939217943
16,4,0.9810141807150538,10.34765825,9.30588317,13,73.0,77.83315277,0.3979868556503501,31.662421939217943
