,max_fidelity,ttime,cpu_time,generations,max_fitness,b,dt
mean,0.9342949476897002,11.04450163,33.719669676,38.2,66.43402252199999,32.16050088407954,0.4760561047784949
std,0.00044137597518393337,0.21289876014068795,2.3493597386418394,1.7888543819998317,0.07650680242121442,0.0,0.0
max,0.9348794194170132,11.42534651,36.97228289,40.0,66.54127502,32.16050088407954,0.4760561047784949
