n,sample_index,max_fidelity,ttime,cpu_time,generations,trial_index,max_fitness,dt,b
16,0,0.9336537707595552,10.94929041,36.97228289,40,61.0,66.33380127,0.4760561047784949,32.16050088407954
16,1,0.9343622798119673,10.94929041,30.77831936,36,61.0,66.44894409,0.4760561047784949,32.16050088407954
16,2,0.9343943860073005,10.94929041,33.85453486,40,61.0,66.44952393,0.4760561047784949,32.16050088407954
16,3,0.9341848824526646,10.94929041,34.66477227,37,61.0,66.39656830,0.4760561047784949,32.16050088407954
16,4,0.9348794194170132,11.42534651,32.32843900,38,61.0,66.54127502,0.4760561047784949,32.16050088407954
