n,sample_index,max_fidelity,ttime,cpu_time,generations,trial_index,max_fitness,dt,b
24,0,0.9911502704407243,13.77425841,48.77375793,54,19.0,65.06531525,0.3935502402394755,15.689890601996304
