value,trial_index,dt,b
0.9888400787480519,2,0.7390161374702713,67.92371154986154
