n,sample_index,max_fidelity,ttime,cpu_time,generations,trial_index,max_fitness,dt,b
32,0,0.9953564509732732,23.42044467,260.19043422,177,82.0,0.10192602,0.10138720634750793,21.770706786350868
