n,sample_index,max_fidelity,ttime,cpu_time,generations,trial_index,max_fitness,dt,b
16,0,0.996608476092568,11.76991101,132.46479416,114,81.0,12.77553940,0.12010113273934221,75.83964609225436
