n,sample_index,max_fidelity,ttime,cpu_time,generations,trial_index,max_fitness,dt,b
24,0,0.9966692000239827,17.78357055,198.73893118,146,61.0,2.47647429,0.12097667042020993,21.971070877023497
