n,sample_index,max_fidelity,ttime,cpu_time,generations,trial_index,max_fitness,dt,b
36,0,0.9567924608865583,25.70836742,95.06182694,77,7.0,40.80313110,0.4284727903316875,21.72512010196235
