value,trial_index,dt,b
0.9979309088079509,22,0.1646189776914404,59.199901218024486
