,max_fidelity,ttime,cpu_time,generations,max_fitness,b,dt
mean,0.9360136230770199,11.50673568,32.089140654,38.6,67.53675995,70.92860107611834,0.47944731989955514
std,0.00014655217673724175,0.0,4.298790343403632,4.159326868617084,0.0018466025910466133,0.0,0.0
max,0.9361799124972269,11.50673568,38.3917675,45.0,67.53786469,70.92860107611834,0.47944731989955514
