n,sample_index,max_fidelity,ttime,cpu_time,generations,trial_index,max_fitness,dt,b
16,0,0.9359028197291506,11.50673568,38.39176750,45,43.0,67.53713989,0.47944731989955514,70.92860107611834
16,1,0.9359090042337767,11.50673568,28.91697359,34,43.0,67.53756714,0.47944731989955514,70.92860107611834
16,2,0.9359081346818919,11.50673568,28.02451539,36,43.0,67.53773499,0.47944731989955514,70.92860107611834
16,3,0.9361799124972269,11.50673568,30.66213608,39,43.0,67.53786469,0.47944731989955514,70.92860107611834
16,4,0.9361682442430537,11.50673568,34.45031071,39,43.0,67.53349304,0.47944731989955514,70.92860107611834
