,max_fidelity,ttime,cpu_time,generations,max_fitness,b,dt
mean,0.9768563608328309,20.01706472,31.877754354,75.6,15.158516501999998,96.31056458230663,0.2566290349020533
std,0.006164265272587897,1.5819676169224157,3.4743113218888624,8.532291603080617,0.9911249133577983,0.0,0.0
max,0.9843532285158885,22.070097,36.95841169,88.0,16.80570984,96.31056458230663,0.2566290349020533
