n,sample_index,max_fidelity,ttime,cpu_time,generations,trial_index,max_fitness,dt,b
32,0,0.9797356514660813,21.04358086,36.95841169,88,3.0,16.80570984,0.2566290349020533,96.31056458230663
32,1,0.9743585620361578,18.47729051,29.42272663,72,3.0,15.29292107,0.2566290349020533,96.31056458230663
32,2,0.9843532285158885,18.47729051,30.96857810,72,3.0,14.42135429,0.2566290349020533,96.31056458230663
32,3,0.9779284709571832,20.01706472,28.36026001,66,3.0,14.86993599,0.2566290349020533,96.31056458230663
32,4,0.9679058911888437,22.07009700,33.67879534,80,3.0,14.40266132,0.2566290349020533,96.31056458230663
