,max_fidelity,ttime,cpu_time,generations,max_fitness
mean,0.9808512386956082,15.833428193000003,31.498787283999995,70.6,229.67557830799996
std,0.005431479302834151,3.4515223099260557,3.7440996545174485,4.971027168615266,14.537084527184462
max,0.9890346136249095,23.45693066,36.95505714,77.0,251.77587891
