,max_fidelity,ttime,cpu_time,generations,max_fitness,b,dt
mean,0.9349760408422323,11.49646713,32.768844988,39.0,63.62943496800001,64.60367988765672,0.3964299008966463
std,0.004536245188239173,0.0,5.560783856390144,5.656854249492381,0.7251993633518007,0.0,0.0
max,0.9394227868330868,11.49646713,42.32351542,48.0,64.43578339,64.60367988765672,0.3964299008966463
