n,sample_index,max_fidelity,ttime,cpu_time,generations,trial_index,max_fitness,dt,b
16,0,0.9394227868330868,11.49646713,31.85727215,40,1.0,64.43578339,0.3964299008966463,64.60367988765672
16,1,0.9393327551825017,11.49646713,42.32351542,48,1.0,64.38858795,0.3964299008966463,64.60367988765672
16,2,0.9302404176901395,11.49646713,31.99519634,38,1.0,63.02059174,0.3964299008966463,64.60367988765672
16,3,0.9354774521706186,11.49646713,28.87845278,33,1.0,63.30740356,0.3964299008966463,64.60367988765672
16,4,0.9304067923348154,11.49646713,28.78978825,36,1.0,62.99480820,0.3964299008966463,64.60367988765672
