,max_fidelity,ttime,cpu_time,generations,max_fitness
mean,0.9574681010318502,19.975214005,38.520342327,70.8,249.46714935299997
std,0.00917016553609511,4.979970459462913,9.624407687153635,8.9044308571008,40.562183315925324
max,0.9711788534193999,26.41350612,53.59955335,81.0,310.44985962
