n,sample_index,max_fidelity,ttime,cpu_time,generations,trial_index,max_fitness,dt,b
16,0,0.9946271667901367,11.41422356,56.99250627,58,33.0,56.60297012,0.2329433378834314,59.90159725458777
