,max_fidelity,ttime,cpu_time,generations,max_fitness,b,dt
mean,0.9688043132388321,21.57024467,31.236768056000006,73.2,21.495610050000003,95.84263809004064,0.28159588340891856
std,0.004378908448236369,0.9037429319704589,1.919613790452328,4.658325879540847,0.710640622183211,0.0,0.0
max,0.9748543152539065,22.80926656,34.45354629,80.0,22.34890366,95.84263809004064,0.28159588340891856
