n,sample_index,max_fidelity,ttime,cpu_time,generations,trial_index,max_fitness,dt,b
32,0,0.965599519562137,21.40128714,30.57608891,75,4.0,21.58391190,0.28159588340891856,95.84263809004064
32,1,0.9638040720404849,22.80926656,31.40044212,70,4.0,20.39294434,0.28159588340891856,95.84263809004064
32,2,0.9710002290930233,20.27490361,34.45354629,80,4.0,21.40987778,0.28159588340891856,95.84263809004064
32,3,0.9748543152539065,21.68288302,29.53766394,68,4.0,22.34890366,0.28159588340891856,95.84263809004064
32,4,0.9687634302446086,21.68288302,30.21609902,73,4.0,21.74241257,0.28159588340891856,95.84263809004064
