,max_fidelity,ttime,cpu_time,generations,max_fitness,b,dt
mean,0.8922041005216551,11.28332885,25.594691322000003,30.6,56.42856598200001,60.90299415967259,0.6637252266665682
std,1.1862154306640307e-05,0.0,4.3255485396208995,3.7815340802378072,0.0008019589273876343,7.944109290391274e-15,0.0
max,0.8922253183799838,11.28332885,31.50058174,36.0,56.43000031,60.90299415967258,0.6637252266665682
