n,sample_index,max_fidelity,ttime,cpu_time,generations,trial_index,max_fitness,dt,b
16,0,0.8922253183799838,11.28332885,31.50058174,27,0.0,56.43000031,0.6637252266665682,60.90299415967258
16,1,0.8921986415052149,11.28332885,21.33885574,28,0.0,56.42822266,0.6637252266665682,60.90299415967258
16,2,0.8921989367524861,11.28332885,27.99104619,36,0.0,56.42819214,0.6637252266665682,60.90299415967258
16,3,0.8921986415052159,11.28332885,21.58143997,29,0.0,56.42822266,0.6637252266665682,60.90299415967258
16,4,0.8921989644653748,11.28332885,25.56153297,33,0.0,56.42819214,0.6637252266665682,60.90299415967258
