,max_fidelity,ttime,cpu_time,generations,max_fitness,b,dt
mean,0.9152107204137743,11.30009957,20.035458756,26.2,62.4053627,62.178086513836845,0.5947420826156654
std,0.0005938382948603173,0.0,2.240168371675694,1.9235384061671346,0.10794032174855014,0.0,0.0
max,0.9157961263602434,11.30009957,23.37594461,29.0,62.52280045,62.178086513836845,0.5947420826156654
