n,sample_index,max_fidelity,ttime,cpu_time,generations,trial_index,max_fitness,dt,b
16,0,0.9152116902197998,11.30009957,17.13956451,24,22.0,62.38660049,0.5947420826156654,62.178086513836845
16,1,0.9157961263602434,11.30009957,19.62954021,27,22.0,62.48633575,0.5947420826156654,62.178086513836845
16,2,0.9142514551479595,11.30009957,19.59018183,26,22.0,62.24565506,0.5947420826156654,62.178086513836845
16,3,0.9151994766852933,11.30009957,23.37594461,29,22.0,62.38542175,0.5947420826156654,62.178086513836845
16,4,0.915594853655575,11.30009957,20.44206262,25,22.0,62.52280045,0.5947420826156654,62.178086513836845
