,max_fidelity,ttime,cpu_time,generations,max_fitness
mean,0.9878963164469392,13.647494656000001,26.242693114999998,65.2,156.713403322
std,0.003995340394688412,1.0383637554059586,7.4213172995081225,11.707547423208101,8.476909980426063
max,0.9919604819031028,15.57096706,40.43538189,83.0,168.11999512
