value,trial_index,dt,b
0.9931517861366391,38,0.1059248330363069,59.314339391864884
