,max_fidelity,ttime,cpu_time,generations,max_fitness,b,dt
mean,0.9888400787480519,10.789635604,15.384188649999999,19.6,73.434547424,67.92371154986154,0.7390161374702713
std,0.007363063776772988,0.4047758102383961,10.577488995921657,11.148990985734986,2.5485246276979927,0.0,0.0
max,0.9957814010884936,11.08524206,31.21448588,36.0,75.8552475,67.92371154986154,0.7390161374702713
