n,sample_index,max_fidelity,ttime,cpu_time,generations,trial_index,max_fitness,dt,b
16,0,0.9897060582273794,10.34622592,6.01612639,9,2.0,73.68247986,0.7390161374702713,67.92371154986154
16,1,0.9838094275185251,11.08524206,9.59955692,14,2.0,71.68002319,0.7390161374702713,67.92371154986154
16,2,0.9957813575968106,11.08524206,21.18878412,26,2.0,75.85520935,0.7390161374702713,67.92371154986154
16,3,0.9957814010884936,11.08524206,31.21448588,36,2.0,75.85524750,0.7390161374702713,67.92371154986154
16,4,0.9791221493090505,10.34622592,8.90198994,13,2.0,70.09977722,0.7390161374702713,67.92371154986154
