n,sample_index,max_fidelity,ttime,cpu_time,generations,trial_index,max_fitness,dt,b
32,0,0.9952332293572612,23.41162907,151.44816184,119,74.0,2.33312035,0.15607752712335962,31.40259928497183
