value,trial_index,dt,b
0.9971875733078214,57,0.1001781580350396,31.933163669399665
