value,trial_index,dt,b
58.01293108268446,9,0.8970941264088603,80.11839824513437
