,max_fidelity,ttime,cpu_time,generations,max_fitness,b,dt
mean,0.9195256975040884,10.99183603,18.937949038000003,24.2,58.195006562,76.25386046602843,0.6869897520353149
std,8.35809980553393e-07,0.0,1.5934364121441909,1.6431676725154982,8.866082968432174e-05,0.0,0.0
max,0.9195261900985987,10.99183603,20.41743255,26.0,58.19506836,76.25386046602843,0.6869897520353149
