n,sample_index,max_fidelity,ttime,cpu_time,generations,trial_index,max_fitness,dt,b
16,0,0.919524252257905,10.99183603,16.26107335,22,3.0,58.19485474,0.6869897520353149,76.25386046602843
16,1,0.9195261900985987,10.99183603,20.41743255,26,3.0,58.19506836,0.6869897520353149,76.25386046602843
16,2,0.9195256883063821,10.99183603,19.23626018,23,3.0,58.19500732,0.6869897520353149,76.25386046602843
16,3,0.9195261669027069,10.99183603,18.99476790,25,3.0,58.19506836,0.6869897520353149,76.25386046602843
16,4,0.9195261899548487,10.99183603,19.78021121,25,3.0,58.19503403,0.6869897520353149,76.25386046602843
