n,sample_index,max_fidelity,ttime,cpu_time,generations,trial_index,max_fitness,dt,b
64,0,0.9798258536489124,39.02983778,135.15722775,106,19.0,2.82331610,0.3453967944960137,21.675109037089115
64,1,0.9720393220615537,40.75682175,157.60347271,110,19.0,3.06422114,0.3453967944960137,21.675109037089115
64,2,0.9548261545593744,36.95745701,128.62706351,102,19.0,2.82348514,0.3453967944960137,21.675109037089115
64,3,0.9549999888743997,39.37523457,142.18417192,114,19.0,2.66788268,0.3453967944960137,21.675109037089115
64,4,0.9723210813664929,37.30285381,144.66106248,113,19.0,2.54712296,0.3453967944960137,21.675109037089115
64,5,0.9769344411945697,41.44761534,211.41845131,120,19.0,3.05221367,0.3453967944960137,21.675109037089115
64,6,0.9793014976075437,38.33904419,145.19209623,106,19.0,3.00952339,0.3453967944960137,21.675109037089115
64,7,0.9777055705352236,37.64825060,178.52456355,122,19.0,2.79157519,0.3453967944960137,21.675109037089115
