,max_fidelity,ttime,cpu_time,generations,max_fitness,b,dt
mean,0.9421677237649574,22.786673484,17.813971234,50.8,54.92004776,98.47787205235508,0.5696668371145025
std,0.01768137495544517,0.5696668350000014,2.328132546272051,5.118593556827891,5.36018161518175,0.0,0.0
max,0.9549139899177043,23.35634032,20.68549109,57.0,58.56465912,98.47787205235508,0.5696668371145025
