n,sample_index,max_fidelity,ttime,cpu_time,generations,trial_index,max_fitness,dt,b
32,0,0.9496060004638884,23.35634032,20.68549109,57,7.0,58.56465912,0.5696668371145025,98.47787205235508
32,1,0.9110339801388702,22.21700665,15.52099538,45,7.0,45.77037048,0.5696668371145025,98.47787205235508
32,2,0.9489607188577731,23.35634032,16.45645976,50,7.0,58.52307892,0.5696668371145025,98.47787205235508
32,3,0.9463239294465506,22.78667348,16.46690559,47,7.0,54.61892700,0.5696668371145025,98.47787205235508
32,4,0.9549139899177043,22.21700665,19.94000435,55,7.0,57.12320328,0.5696668371145025,98.47787205235508
