,max_fidelity,ttime,cpu_time,generations,max_fitness,b,dt
mean,0.9332174119377517,11.14394065,28.155527498000005,33.8,64.569070434,46.62575198880942,0.5306638406192308
std,1.66294902853096e-05,0.0,1.85322850662833,1.6431676725154982,0.002339440261736902,0.0,0.0
max,0.9332288228819796,11.14394065,31.15219069,36.0,64.57090759,46.62575198880942,0.5306638406192308
