n,sample_index,max_fidelity,ttime,cpu_time,generations,trial_index,max_fitness,dt,b
16,0,0.9332287929831988,11.14394065,31.15219069,36,55.0,64.57083130,0.5306638406192308,46.62575198880942
16,1,0.9332248667730565,11.14394065,28.25643516,33,55.0,64.56950378,0.5306638406192308,46.62575198880942
16,2,0.9332151999962237,11.14394065,27.11041999,35,55.0,64.56517029,0.5306638406192308,46.62575198880942
16,3,0.9331893770542989,11.14394065,28.00938058,33,55.0,64.56893921,0.5306638406192308,46.62575198880942
16,4,0.9332288228819796,11.14394065,26.24921107,32,55.0,64.57090759,0.5306638406192308,46.62575198880942
