,max_fidelity,ttime,cpu_time,generations,max_fitness,b,dt
mean,0.9306680352293197,10.972180492000001,24.821876956,31.2,63.568236544,34.32621683954993,0.4729388141867106
std,3.9638603718836305e-05,0.2115046656715717,7.17620019891834,8.228000972289685,0.09280370004835987,0.0,0.0
max,0.930691446516407,11.35053154,31.78113675,39.0,63.62745667,34.32621683954993,0.4729388141867106
