n,sample_index,max_fidelity,ttime,cpu_time,generations,trial_index,max_fitness,dt,b
16,0,0.9306907728738545,10.87759273,27.90031600,34,38.0,63.62725067,0.4729388141867106,34.32621683954993
16,1,0.930598017143521,11.35053154,16.08473516,21,38.0,63.41312027,0.4729388141867106,34.32621683954993
16,2,0.9306759457426935,10.87759273,30.12558627,39,38.0,63.62355042,0.4729388141867106,34.32621683954993
16,3,0.9306839938701229,10.87759273,18.21761060,24,38.0,63.54980469,0.4729388141867106,34.32621683954993
16,4,0.930691446516407,10.87759273,31.78113675,38,38.0,63.62745667,0.4729388141867106,34.32621683954993
