n,sample_index,max_fidelity,ttime,cpu_time,generations,trial_index,max_fitness,dt,b
32,0,0.9941379489711705,22.74921908,129.81703401,115,49.0,6.67593384,0.19443776989746436,45.77562407574785
