n,sample_index,max_fidelity,ttime,cpu_time,generations,trial_index,max_fitness,dt,b
16,0,0.9967658228205031,9.79088991,137.43806672,111,95.0,20.25234985,0.13789985791303072,67.46009328898575
