n,sample_index,max_fidelity,ttime,cpu_time,generations,trial_index,max_fitness,dt,b
32,0,0.9947270087550321,21.31989012,173.90087295,133,59.0,4.84204149,0.18067703487582415,25.771900196906145
